Q2_bin,sum_chi2
"(551.955, 1131.693]",1074.1990927676998
"(1131.693, 2320.353]",890.9263059063582
"(269.202, 551.955]",349.1961539297357
"(4757.507, 9754.493]",283.72105145969675
"(2320.353, 4757.507]",250.0032044880299
"(131.296, 269.202]",214.33804164516982
"(9754.493, 20000.0]",49.839137809842356
"(1.767, 3.623]",29.44434904088568
"(7.429, 15.233]",25.924033386922837
"(3.623, 7.429]",23.49969505299068
"(0.42, 0.862]",22.872390762100494
"(15.233, 31.232]",22.371314884592017
